year,gdp_bill_curr
1984,12269.79237
1985,12860.09446
1986,15205.31553
1987,17307.238
1988,19337.99747
1989,20194.0038
1990,22779.97868
1991,23759.57245
1992,25406.10611
1993,25821.97892
1994,27872.25513
1995,31043.64788
1996,31736.66005
1997,31620.44366
1998,31539.9579
1999,32737.37497
2000,33830.8788
2001,33615.43597
2002,34911.42705
2003,39146.98839
2004,44117.60113
2005,47779.71479
2006,51779.84559
2007,58355.01509
2008,64123.70427
2009,60809.11183
2010,66596.05101
2011,73853.78405
2012,75488.06418
2013,77607.19847
2014,79708.81224
2015,75179.26627
2016,76465.59001
2017,81403.97743
2018,86413.03278
2019,87652.86322
2020,84906.81419
2021,96100.091
